Spec_Viame,Spec_Viame_Dash,Species,Species_New,Spec_Group
ABUDEFDUFSAXATILIS.170270101,ABUDEFDUFSAXATILIS-170270101,ABUDEFDUF_SAXATILIS,ABUDEFDUF_SAXATILIS,
ABUDEFDUFTAURUS.170270102,ABUDEFDUFTAURUS-170270102,ABUDEFDUF_TAURUS,ABUDEFDUF_TAURUS,
ACANTHURUSBAHIANUS.170160101,ACANTHURUSBAHIANUS-170160101,ACANTHURUS_BAHIANUS,ACANTHURUS_BAHIANUS,
ACANTHURUSCHIRURGUS.170160103,ACANTHURUSCHIRURGUS-170160103,ACANTHURUS_CHIRURGUS,ACANTHURUS_CHIRURGUS,
ACANTHURUSCOERULEUS.170160102,ACANTHURUSCOERULEUS-170160102,ACANTHURUS_COERULEUS,ACANTHURUS_COERULEUS,
ALBULAVULPES.121030101,ALBULAVULPES-121030101,ALBULA_VULPES,ALBULA_VULPES,
ALECTISCILIARIS.170110101,ALECTISCILIARIS-170110101,ALECTIS_CILIARIS,ALECTIS_CILIARIS,
AMBLYCIRRHITUSPINOS.170590101,AMBLYCIRRHITUSPINOS-170590101,AMBLYCIRRHITUS_PINOS,AMBLYCIRRHITUS_PINOS,
ANISOTREMUSSURINAMENSIS.170190106,ANISOTREMUSSURINAMENSIS-170190106,ANISOTREMUS_SURINAMENSIS,ANISOTREMUS_SURINAMENSIS,HAEMULON
ANISOTREMUSVIRGINICUS.170190105,ANISOTREMUSVIRGINICUS-170190105,ANISOTREMUS_VIRGINICUS,ANISOTREMUS_VIRGINICUS,HAEMULON
ANTENNARIUSOCELLATUS.195020101,ANTENNARIUSOCELLATUS-195020101,ANTENNARIUS_OCELLATUS,ANTENNARIUS_OCELLATUS,
ANTHIASASPERILINGUIS.170026001,ANTHIASASPERILINGUIS-170026001,ANTHIAS_ASPERILINGUIS,ANTHIAS_ASPERILINGUIS,
ANTHIASNICHOLSI.170026002,ANTHIASNICHOLSI-170026002,ANTHIAS_NICHOLSI,ANTHIAS_NICHOLSI,
ANTHIASTENUIS.170026003,ANTHIASTENUIS-170026003,ANTHIAS_TENUIS,ANTHIAS_TENUIS,
ANTHIASWOODSI.170026004,ANTHIASWOODSI-170026004,ANTHIAS_WOODSI,ANTHIAS_WOODSI,
ANTIGONIA.162030100,ANTIGONIA-162030100,ANTIGONIA,ANTIGONIA,
ANTIGONIACAPROS.162030101,ANTIGONIACAPROS-162030101,ANTIGONIA_CAPROS,ANTIGONIA_CAPROS,
APOGONAFFINI.170060204,APOGONAFFINI-170060204,APOGON_AFFINI,APOGON_AFFINI,
APOGONALUTUS.170060212,APOGONALUTUS-170060212,APOGON_ALUTUS,APOGON_ALUTUS,
APOGONAMERICANUS.170060214,APOGONAMERICANUS-170060214,APOGON_AMERICANUS,APOGON_AMERICANUS,
APOGONAUROLINEATUS.170060201,APOGONAUROLINEATUS-170060201,APOGON_AUROLINEATUS,APOGON_AUROLINEATUS,
APOGONBINOTATUS.170060202,APOGONBINOTATUS-170060202,APOGON_BINOTATUS,APOGON_BINOTATUS,
APOGONCONKLINI.170060213,APOGONCONKLINI-170060213,APOGON_CONKLINI,APOGON_CONKLINI,
APOGONLACHNERI.170060209,APOGONLACHNERI-170060209,APOGON_LACHNERI,APOGON_LACHNERI,
APOGONMACULATUS.170060203,APOGONMACULATUS-170060203,APOGON_MACULATUS,APOGON_MACULATUS,
APOGONPHENAX.170060210,APOGONPHENAX-170060210,APOGON_PHENAX,APOGON_PHENAX,
APOGONPIGMENTARIUS.170060205,APOGONPIGMENTARIUS-170060205,APOGON_PIGMENTARIUS,APOGON_PIGMENTARIUS,
APOGONPILLIONATUS.170060215,APOGONPILLIONATUS-170060215,APOGON_PILLIONATUS,APOGON_PILLIONATUS,
APOGONPLANIFRONS.170060206,APOGONPLANIFRONS-170060206,APOGON_PLANIFRONS,APOGON_PLANIFRONS,
APOGONPSEUDOMACULATUS.170060207,APOGONPSEUDOMACULATUS-170060207,APOGON_PSEUDOMACULATUS,APOGON_PSEUDOMACULATUS,
APOGONQUADRISQUAMATUS.170060208,APOGONQUADRISQUAMATUS-170060208,APOGON_QUADRISQUAMATUS,APOGON_QUADRISQUAMATUS,
APOGONTOWNSENDI.170060211,APOGONTOWNSENDI-170060211,APOGON_TOWNSENDI,APOGON_TOWNSENDI,
APSILUSDENTATUS.170150301,APSILUSDENTATUS-170150301,APSILUS_DENTATUS,APSILUS_DENTATUS,
ARCHOSARGUSPROBATOCEPHALUS.170213601,ARCHOSARGUSPROBATOCEPHALUS-170213601,ARCHOSARGUS_PROBATOCEPHALUS,ARCHOSARGUS_PROBATOCEPHALUS,SPARIDAE
AULOSTOMUSMACULATUS.151010101,AULOSTOMUSMACULATUS-151010101,AULOSTOMUS_MACULATUS,AULOSTOMUS_MACULATUS,
BALISTESCAPRISCUS.189030502,BALISTESCAPRISCUS-189030502,BALISTES_CAPRISCUS,BALISTES_CAPRISCUS,
BALISTESVETULA.189030504,BALISTESVETULA-189030504,BALISTES_VETULA,BALISTES_VETULA,BALISTIDAE_OTHER
BODIANUSPULCHELLUS.170280201,BODIANUSPULCHELLUS-170280201,BODIANUS_PULCHELLUS,BODIANUS_PULCHELLUS,LABRIDAE
BODIANUSRUFUS.170280202,BODIANUSRUFUS-170280202,BODIANUS_RUFUS,BODIANUS_RUFUS,LABRIDAE
CALAMUSBAJONADO.170210602,CALAMUSBAJONADO-170210602,CALAMUS_BAJONADO,CALAMUS_BAJONADO,SPARIDAE
CALAMUSCALAMUS.170210603,CALAMUSCALAMUS-170210603,CALAMUS_CALAMUS,CALAMUS_CALAMUS,
CALAMUSLEUCOSTEUS.170210604,CALAMUSLEUCOSTEUS-170210604,CALAMUS_LEUCOSTEUS,CALAMUS_LEUCOSTEUS,SPARIDAE
CALAMUSNODOSUS.170210608,CALAMUSNODOSUS-170210608,CALAMUS_NODOSUS,CALAMUS_NODOSUS,SPARIDAE
CALAMUSPENNATULA.170210607,CALAMUSPENNATULA-170210607,CALAMUS_PENNATULA,CALAMUS_PENNATULA,
CALAMUSPRORIDENS.170210605,CALAMUSPRORIDENS-170210605,CALAMUS_PRORIDENS,CALAMUS_PRORIDENS,SPARIDAE
CALAMUSPRORIDENS/NODOSUS.170210620,CALAMUSPRORIDENS/NODOSUS-170210620,CALAMUS_PRORIDENS/NODOSUS,CALAMUS_PRORIDENS/NODOSUS,
CALLIONYMIDAE.170420000,CALLIONYMIDAE-170420000,CALLIONYMIDAE,CALLIONYMIDAE,
CANTHERHINESMACROCERUS.189040101,CANTHERHINESMACROCERUS-189040101,CANTHERHINES_MACROCERUS,CANTHERHINES_MACROCERUS,
CANTHERHINESPULLUS.189040102,CANTHERHINESPULLUS-189040102,CANTHERHINES_PULLUS,CANTHERHINES_PULLUS,
CANTHIDERMISMACULATUS.189030401,CANTHIDERMISMACULATUS-189030401,CANTHIDERMIS_MACULATUS,CANTHIDERMIS_MACULATUS,
CANTHIDERMISSUFFLAMEN.189030402,CANTHIDERMISSUFFLAMEN-189030402,CANTHIDERMIS_SUFFLAMEN,CANTHIDERMIS_SUFFLAMEN,BALISTIDAE_OTHER
CANTHIGASTERJAMESTYLERI.189080102,CANTHIGASTERJAMESTYLERI-189080102,CANTHIGASTER_JAMESTYLERI,CANTHIGASTER_JAMESTYLERI,
CANTHIGASTERROSTRATUS.189080101,CANTHIGASTERROSTRATUS-189080101,CANTHIGASTER_ROSTRATUS,CANTHIGASTER_ROSTRATUS,
CARANXBARTHOLOMAEI.170110801,CARANXBARTHOLOMAEI-170110801,CARANX_BARTHOLOMAEI,CARANX_BARTHOLOMAEI,CARANGIDAE_OTHER
CARANXCRYSOS.170110803,CARANXCRYSOS-170110803,CARANX_CRYSOS,CARANX_CRYSOS,CARANGIDAE_OTHER
CARANXHIPPOS.170110804,CARANXHIPPOS-170110804,CARANX_HIPPOS,CARANX_HIPPOS,CARANGIDAE_OTHER
CARANXLATUS.170110805,CARANXLATUS-170110805,CARANX_LATUS,CARANX_LATUS,CARANGIDAE_OTHER
CARANXLUGUBRIS.170110806,CARANXLUGUBRIS-170110806,CARANX_LUGUBRIS,CARANX_LUGUBRIS,CARANGIDAE_OTHER
CARANXRUBER.170110807,CARANXRUBER-170110807,CARANX_RUBER,CARANX_RUBER,CARANGIDAE_OTHER
GALEOCERDOCUVIERI.108022201,GALEOCERDOCUVIERI-108022201,GALEOCERDO_CUVIERI,GALEOCERDO_CUVIERI,
CAULOLATILUSCHRYSOPS.170070104,CAULOLATILUSCHRYSOPS-170070104,CAULOLATILUS_CHRYSOPS,CAULOLATILUS_CHRYSOPS,CAULOLATILUS
CAULOLATILUSCYANOPS.170070101,CAULOLATILUSCYANOPS-170070101,CAULOLATILUS_CYANOPS,CAULOLATILUS_CYANOPS,CAULOLATILUS
CAULOLATILUSINTERMEDIUS.170070102,CAULOLATILUSINTERMEDIUS-170070102,CAULOLATILUS_INTERMEDIUS,CAULOLATILUS_INTERMEDIUS,
CAULOLATILUSMICROPS.170070103,CAULOLATILUSMICROPS-170070103,CAULOLATILUS_MICROPS,CAULOLATILUS_MICROPS,
CENTROPRISTISFUSCULA,CENTROPRISTISFUSCULA,CENTROPRISTIS_FUSCULA,CENTROPRISTIS_FUSCULA,SERRANIDAE
CENTROPRISTISOCYURA.170024804,CENTROPRISTISOCYURA-170024804,CENTROPRISTIS_OCYURA,CENTROPRISTIS_OCYURUS,SERRANIDAE
CENTROPRISTISPHILADELPHICA.170024805,CENTROPRISTISPHILADELPHICA-170024805,CENTROPRISTIS_PHILADELPHICA,CENTROPRISTIS_PHILADELPHICA,SERRANIDAE
CENTROPRISTISSTRIATUS.170024806,CENTROPRISTISSTRIATUS-170024806,CENTROPRISTIS_STRIATUS,CENTROPRISTIS_STRIATUS,
CENTROPYGEARGI.170290301,CENTROPYGEARGI-170290301,CENTROPYGE_ARGI,CENTROPYGE_ARGI,POMACANTHIDAE
CEPHALOPHOLISCRUENTATA.170020401,CEPHALOPHOLISCRUENTATA-170020401,CEPHALOPHOLIS_CRUENTATA,CEPHALOPHOLIS_CRUENTATA,GROUPERS_OTHER
CEPHALOPHOLISFULVA.170020403,CEPHALOPHOLISFULVA-170020403,CEPHALOPHOLIS_FULVA,CEPHALOPHOLIS_FULVA,
CHAETODIPTERUSFABER.170250101,CHAETODIPTERUSFABER-170250101,CHAETODIPTERUS_FABER,CHAETODIPTERUS_FABER,SPADES_CHUBS_LOOKDOWNS
CHAETODONACULEATUS.170260305,CHAETODONACULEATUS-170260305,CHAETODON_ACULEATUS,CHAETODON_ACULEATUS,
CHAETODONAYA.170260301,CHAETODONAYA-170260301,CHAETODON_AYA,CHAETODON_AYA,
CHAETODONCAPISTRATUS.170260302,CHAETODONCAPISTRATUS-170260302,CHAETODON_CAPISTRATUS,CHAETODON_CAPISTRATUS,
CHAETODONGUYANENSIS.170260304,CHAETODONGUYANENSIS-170260304,CHAETODON_GUYANENSIS,CHAETODON_GUYANENSIS,
CHAETODONOCELLATUS.170260307,CHAETODONOCELLATUS-170260307,CHAETODON_OCELLATUS,CHAETODON_OCELLATUS,
CHAETODONSEDENTARIUS.170260309,CHAETODONSEDENTARIUS-170260309,CHAETODON_SEDENTARIUS,CHAETODON_SEDENTARIUS,
CHAETODONSTRIATUS.170260310,CHAETODONSTRIATUS-170260310,CHAETODON_STRIATUS,CHAETODON_STRIATUS,
CHROMISCYANEA.170270301,CHROMISCYANEA-170270301,CHROMIS_CYANEA,CHRYSIPTERA_CYANEA,POMACENTRIDAE
CHROMISENCHRYSURUS.170270302,CHROMISENCHRYSURUS-170270302,CHROMIS_ENCHRYSURUS,CHROMIS_ENCHRYSURUS,POMACENTRIDAE
CHROMISINSOLATUS.170270304,CHROMISINSOLATUS-170270304,CHROMIS_INSOLATUS,CHROMIS_INSOLATUS,POMACENTRIDAE
CHROMISMARGINATUS.170270305,CHROMISMARGINATUS-170270305,CHROMIS_MARGINATUS,CHROMIS_MARGINATUS,
CHROMISMULTILINEATA.170270306,CHROMISMULTILINEATA-170270306,CHROMIS_MULTILINEATA,CHROMIS_MULTILINEATA,
CHROMISSCOTTI.170270303,CHROMISSCOTTI-170270303,CHROMIS_SCOTTI,CHROMIS_SCOTTI,
CLEPTICUSPARRAE.170283201,CLEPTICUSPARRAE-170283201,CLEPTICUS_PARRAE,CLEPTICUS_PARRAE,LABRIDAE
COOKEOLUSJAPONICUS.170050302,COOKEOLUSJAPONICUS-170050302,COOKEOLUS_JAPONICUS,COOKEOLUS_JAPONICUS,
CORNIGERSPINOS.161110701,CORNIGERSPINOS-161110701,CORNIGER_SPINOS,CORNIGER_SPINOS,
CORYPHOPTERUSGLAUCOFRAENUM.170551004,CORYPHOPTERUSGLAUCOFRAENUM-170551004,CORYPHOPTERUS_GLAUCOFRAENUM,CORYPHOPTERUS_GLAUCOFRAENUM,
CORYPHOPTERUSTHRIX.170551009,CORYPHOPTERUSTHRIX-170551009,CORYPHOPTERUS_THRIX,CORYPHOPTERUS_THRIX,
CRYPTOTOMUSROSEUS.170300601,CRYPTOTOMUSROSEUS-170300601,CRYPTOTOMUS_ROSEUS,CRYPTOTOMUS_ROSEUS,
DECODONPUELLARIS.170283001,DECODONPUELLARIS-170283001,DECODON_PUELLARIS,DECODON_PUELLARIS,LABRIDAE
DERMATOLEPISINERMIS.170020301,DERMATOLEPISINERMIS-170020301,DERMATOLEPIS_INERMIS,DERMATOLEPIS_INERMIS,GROUPERS_OTHER
DIODONHOLOCANTHUS.189090301,DIODONHOLOCANTHUS-189090301,DIODON_HOLOCANTHUS,DIODON_HOLOCANTHUS,
DIODONHYSTRIX.189090302,DIODONHYSTRIX-189090302,DIODON_HYSTRIX,DIODON_HYSTRIX,
DIPLECTRUMFORMOSUM.170020903,DIPLECTRUMFORMOSUM-170020903,DIPLECTRUM_FORMOSUM,DIPLECTRUM_FORMOSUM,
DIPLECTRUMBIVITTATUM.170020905,DIPLECTRUMBIVITTATUM-170020905,DIPLECTRUM_BIVITTATUM,DIPLECTRUM_BIVITTATUM,
ECHIOPHISPUNCTIFER.143150303,ECHIOPHISPUNCTIFER-143150303,ECHIOPHIS_PUNCTIFER,ECHIOPHIS_PUNCTIFER,
ELAGATISBIPINNULATUS.170111301,ELAGATISBIPINNULATUS-170111301,ELAGATIS_BIPINNULATUS,ELAGATIS_BIPINNULATUS,
EMBLEMARIAPANDIONIS.170370402,EMBLEMARIAPANDIONIS-170370402,EMBLEMARIA_PANDIONIS,EMBLEMARIA_PANDIONIS,
ENCHELYCORENIGRICANS.143060301,ENCHELYCORENIGRICANS-143060301,ENCHELYCORE_NIGRICANS,ENCHELYCORE_NIGRICANS,
EPINEPHELUSADSCENSIONIS.170021203,EPINEPHELUSADSCENSIONIS-170021203,EPINEPHELUS_ADSCENSIONIS,EPINEPHELUS_ADSCENSIONIS,GROUPERS_OTHER
EPINEPHELUSDRUMMONDHAYI.170021205,EPINEPHELUSDRUMMONDHAYI-170021205,EPINEPHELUS_DRUMMONDHAYI,EPINEPHELUS_DRUMMONDHAYI,GROUPERS_OTHER
EPINEPHELUSFLAVOLIMBATUS.170021206,EPINEPHELUSFLAVOLIMBATUS-170021206,EPINEPHELUS_FLAVOLIMBATUS,HYPORTHODUS_FLAVOLIMBATUS,GROUPERS_OTHER
EPINEPHELUSGUTTATUS.170021208,EPINEPHELUSGUTTATUS-170021208,EPINEPHELUS_GUTTATUS,EPINEPHELUS_GUTTATUS,
EPINEPHELUSITAJARA.170021209,EPINEPHELUSITAJARA-170021209,EPINEPHELUS_ITAJARA,EPINEPHELUS_ITAJARA,
EPINEPHELUSMORIO.170021211,EPINEPHELUSMORIO-170021211,EPINEPHELUS_MORIO,EPINEPHELUS_MORIO,
EPINEPHELUSMYSTACINUS.170021212,EPINEPHELUSMYSTACINUS-170021212,EPINEPHELUS_MYSTACINUS,EPINEPHELUS_MYSTACINUS,
EPINEPHELUSNIGRITUS.170021202,EPINEPHELUSNIGRITUS-170021202,EPINEPHELUS_NIGRITUS,HYPORTHODUS_NIGRITUS,GROUPERS_OTHER
EPINEPHELUSNIVEATUS.170021201,EPINEPHELUSNIVEATUS-170021201,EPINEPHELUS_NIVEATUS,HYPORTHODUS_NIVEATUS,GROUPERS_OTHER
EPINEPHELUSSTRIATUS.170021215,EPINEPHELUSSTRIATUS-170021215,EPINEPHELUS_STRIATUS,EPINEPHELUS_STRIATUS,
EQUETUSACUMINATUS.170201103,EQUETUSACUMINATUS-170201103,EQUETUS_ACUMINATUS,EQUETUS_ACUMINATUS,
EQUETUSIWAMOTOI.170201108,EQUETUSIWAMOTOI-170201108,EQUETUS_IWAMOTOI,PAREQUES_IWAMOTOI,DRUMS
EQUETUSLANCEOLATUS.170201104,EQUETUSLANCEOLATUS-170201104,EQUETUS_LANCEOLATUS,PAREQUES_LANCEOLATUS,DRUMS
EQUETUSPUNCTATUS.170201107,EQUETUSPUNCTATUS-170201107,EQUETUS_PUNCTATUS,EQUETUS_PUNCTATUS,
EQUETUSUMBROSUS.170201105,EQUETUSUMBROSUS-170201105,EQUETUS_UMBROSUS,PAREQUES_UMBROSUS,DRUMS
ETELISOCULATUS.170150501,ETELISOCULATUS-170150501,ETELIS_OCULATUS,ETELIS_OCULATUS,SNAPPER_OTHER
EUTHYNNUSALLETTERATUS.170440201,EUTHYNNUSALLETTERATUS-170440201,EUTHYNNUS_ALLETTERATUS,EUTHYNNUS_ALLETTERATUS,
EVERMANNICHTHYSSPONGICOLA.170554602,EVERMANNICHTHYSSPONGICOLA-170554602,EVERMANNICHTHYS_SPONGICOLA,EVERMANNICHTHYS_SPONGICOLA,
FISTULARIAPETIMBA.151020101,FISTULARIAPETIMBA-151020101,FISTULARIA_PETIMBA,FISTULARIA_PETIMBA,
FISTULARIATABACARIA.151020102,FISTULARIATABACARIA-151020102,FISTULARIA_TABACARIA,FISTULARIA_TABACARIA,
GNATHOLEPISTHOMPSONI.170554401,GNATHOLEPISTHOMPSONI-170554401,GNATHOLEPIS_THOMPSONI,GNATHOLEPIS_THOMPSONI,
GOBIOSOMAHORSTI.170550204,GOBIOSOMAHORSTI-170550204,GOBIOSOMA_HORSTI,GOBIOSOMA_HORSTI,
GOBIOSOMAXANTHIPRORA.170550210,GOBIOSOMAXANTHIPRORA-170550210,GOBIOSOMA_XANTHIPRORA,GOBIOSOMA_XANTHIPRORA,
GOBULUSMEYERS.170551101,GOBULUSMEYERS-170551101,GOBULUS_MEYERS,GOBULUS_MEYERS,
GONIOPLECTRUSHISPANUS.170021403,GONIOPLECTRUSHISPANUS-170021403,GONIOPLECTRUS_HISPANUS,GONIOPLECTRUS_HISPANUS,GROUPERS_OTHER
GYMNOTHORAXMORINGA.143060202,GYMNOTHORAXMORINGA-143060202,GYMNOTHORAX_MORINGA,GYMNOTHORAX_MORINGA,
GYMNOTHORAXSAXICOLA.143060205,GYMNOTHORAXSAXICOLA-143060205,GYMNOTHORAX_SAXICOLA,GYMNOTHORAX_SAXICOLA,
HAEMULONALBUM.170191002,HAEMULONALBUM-170191002,HAEMULON_ALBUM,HAEMULON_ALBUM,HAEMULON
HAEMULONAUROLINEATUM.170191003,HAEMULONAUROLINEATUM-170191003,HAEMULON_AUROLINEATUM,HAEMULON_AUROLINEATUM,HAEMULON
HAEMULONCARBONARIUM.170191018,HAEMULONCARBONARIUM-170191018,HAEMULON_CARBONARIUM,HAEMULON_CARBONARIUM,
HAEMULONFLAVOLINEATUM.170191005,HAEMULONFLAVOLINEATUM-170191005,HAEMULON_FLAVOLINEATUM,HAEMULON_FLAVOLINEATUM,
HAEMULONMACROSTOMUM.170191017,HAEMULONMACROSTOMUM-170191017,HAEMULON_MACROSTOMUM,HAEMULON_MACROSTOMUM,
HAEMULONMELANURUM.170191007,HAEMULONMELANURUM-170191007,HAEMULON_MELANURUM,HAEMULON_MELANURUM,
HAEMULONPARRAI.170191014,HAEMULONPARRAI-170191014,HAEMULON_PARRAI,HAEMULON_PARRAI,
HAEMULONPLUMIERI.170191008,HAEMULONPLUMIERI-170191008,HAEMULON_PLUMIERI,HAEMULON_PLUMIERI,
HAEMULONSCIURUS.170191010,HAEMULONSCIURUS-170191010,HAEMULON_SCIURUS,HAEMULON_SCIURUS,
HAEMULONBONARIENSE.170191004,HAEMULONBONARIENSE-170191004,HAEMULON_BONARIENSE,HAEMULON_BONARIENSE,
HAEMULONBOSCHMAE.170191016,HAEMULONBOSCHMAE-170191016,HAEMULON_BOSCHMAE,HAEMULON_BOSCHMAE,
HAEMULONCHRYSARGYREUS.170191015,HAEMULONCHRYSARGYREUS-170191015,HAEMULON_CHRYSARGYREUS,HAEMULON_CHRYSARGYREUS,
HAEMULONLUTEUM.170191006,HAEMULONLUTEUM-170191006,HAEMULON_LUTEUM,HAEMULON_LUTEUM,
HAEMULONRIMATOR.170191009,HAEMULONRIMATOR-170191009,HAEMULON_RIMATOR,HAEMULON_RIMATOR,
HAEMULONSCUDDERI.170191011,HAEMULONSCUDDERI-170191011,HAEMULON_SCUDDERI,HAEMULON_SCUDDERI,
HAEMULONSTEINDACHNERI.170191012,HAEMULONSTEINDACHNERI-170191012,HAEMULON_STEINDACHNERI,HAEMULON_STEINDACHNERI,
HAEMULONSTRIATUM.170191013,HAEMULONSTRIATUM-170191013,HAEMULON_STRIATUM,HAEMULON_STRIATUM,
HALICHOERESRADIATUS.170281208,HALICHOERESRADIATUS-170281208,HALICHOERES_RADIATUS,HALICHOERES_RADIATUS,
HALICHOERESBATHYPHILUS.170281201,HALICHOERESBATHYPHILUS-170281201,HALICHOERES_BATHYPHILUS,HALICHOERES_BATHYPHILUS,
HALICHOERESBIVITTATUS.170281202,HALICHOERESBIVITTATUS-170281202,HALICHOERES_BIVITTATUS,HALICHOERES_BIVITTATUS,
HALICHOERESCAUDALIS.170281203,HALICHOERESCAUDALIS-170281203,HALICHOERES_CAUDALIS,HALICHOERES_CAUDALIS,
HALICHOERESCYANOCEPHALUS.170281210,HALICHOERESCYANOCEPHALUS-170281210,HALICHOERES_CYANOCEPHALUS,HALICHOERES_CYANOCEPHALUS,
HALICHOERESGARNOTI.170281205,HALICHOERESGARNOTI-170281205,HALICHOERES_GARNOTI,HALICHOERES_GARNOTI,
HALICHOERESMACULIPINNA.170281209,HALICHOERESMACULIPINNA-170281209,HALICHOERES_MACULIPINNA,HALICHOERES_MACULIPINNA,
HALICHOERESPICTUS.170281206,HALICHOERESPICTUS-170281206,HALICHOERES_PICTUS,HALICHOERES_PICTUS,
HALICHOERESPOEYI.170281207,HALICHOERESPOEYI-170281207,HALICHOERES_POEYI,HALICHOERES_POEYI,
HEMANTHIASAUREORUBENS.170025003,HEMANTHIASAUREORUBENS-170025003,HEMANTHIAS_AUREORUBENS,HEMANTHIAS_AUREORUBENS,ANTHIIDAE
HEMANTHIASLEPTUS.170025002,HEMANTHIASLEPTUS-170025002,HEMANTHIAS_LEPTUS,HEMANTHIAS_LEPTUS,ANTHIIDAE
HEMANTHIASVIVANUS.170025001,HEMANTHIASVIVANUS-170025001,HEMANTHIAS_VIVANUS,HEMANTHIAS_VIVANUS,ANTHIIDAE
HEMIPTERONOTUSNOVACULA.170282903,HEMIPTERONOTUSNOVACULA-170282903,HEMIPTERONOTUS_NOVACULA,HEMIPTERONOTUS_NOVACULA,
HOLACANTHUSBERMUDENSIS.170290102,HOLACANTHUSBERMUDENSIS-170290102,HOLACANTHUS_BERMUDENSIS,HOLACANTHUS_BERMUDENSIS,POMACANTHIDAE
HOLACANTHUSCILIARIS.170290103,HOLACANTHUSCILIARIS-170290103,HOLACANTHUS_CILIARIS,HOLACANTHUS_CILIARIS,POMACANTHIDAE
HOLACANTHUSISABELITA.170290101,HOLACANTHUSISABELITA-170290101,HOLACANTHUS_ISABELITA,HOLACANTHUS_ISABELITA,
HOLACANTHUSTRICOLOR.170290105,HOLACANTHUSTRICOLOR-170290105,HOLACANTHUS_TRICOLOR,HOLACANTHUS_TRICOLOR,POMACANTHIDAE
HOLANTHIUSMARTINICENSIS.170025101,HOLANTHIUSMARTINICENSIS-170025101,HOLANTHIUS_MARTINICENSIS,PRONOTOGRAMMUS_MARTINICENSIS,ANTHIIDAE
HOLOCENTRUSADSCENSIONIS.161110201,HOLOCENTRUSADSCENSIONIS-161110201,HOLOCENTRUS_ADSCENSIONIS,HOLOCENTRUS_ADSCENSIONIS,BIGEYES_SQUIRREL
HOLOCENTRUSRUFUS.161110202,HOLOCENTRUSRUFUS-161110202,HOLOCENTRUS_RUFUS,HOLOCENTRUS_RUFUS,BIGEYES_SQUIRREL
HOLOCENTRUSBULLISI.161110203,HOLOCENTRUSBULLISI-161110203,HOLOCENTRUS_BULLISI,HOLOCENTRUS_BULLISI,
HOLOCENTRUSCORUSCUS.161110204,HOLOCENTRUSCORUSCUS-161110204,HOLOCENTRUS_CORUSCUS,HOLOCENTRUS_CORUSCUS,
HOLOCENTRUSMARIANUS.161110207,HOLOCENTRUSMARIANUS-161110207,HOLOCENTRUS_MARIANUS,HOLOCENTRUS_MARIANUS,
HOLOCENTRUSPOCO.161110206,HOLOCENTRUSPOCO-161110206,HOLOCENTRUS_POCO,HOLOCENTRUS_POCO,
HOLOCENTRUSVEXILLARIUS.161110205,HOLOCENTRUSVEXILLARIUS-161110205,HOLOCENTRUS_VEXILLARIUS,HOLOCENTRUS_VEXILLARIUS,
HYPOPLECTRUSPUELLA.170021502,HYPOPLECTRUSPUELLA-170021502,HYPOPLECTRUS_PUELLA,HYPOPLECTRUS_PUELLA,
HYPOPLECTRUSUNICOLOR.170021501,HYPOPLECTRUSUNICOLOR-170021501,HYPOPLECTRUS_UNICOLOR,HYPOPLECTRUS_UNICOLOR,
KAUPICHTHYSNUCHALIS.143040101,KAUPICHTHYSNUCHALIS-143040101,KAUPICHTHYS_NUCHALIS,KAUPICHTHYS_NUCHALIS,
KYPHOSUSINCISOR.170240301,KYPHOSUSINCISOR-170240301,KYPHOSUS_INCISOR,KYPHOSUS_INCISOR,
KYPHOSUSSECTATRIX.170240302,KYPHOSUSSECTATRIX-170240302,KYPHOSUS_SECTATRIX,KYPHOSUS_SECTATRIX,
LABRISOMUSHAITIENSIS.170370207,LABRISOMUSHAITIENSIS-170370207,LABRISOMUS_HAITIENSIS,LABRISOMUS_HAITIENSIS,
LACHNOLAIMUSMAXIMUS.170281801,LACHNOLAIMUSMAXIMUS-170281801,LACHNOLAIMUS_MAXIMUS,LACHNOLAIMUS_MAXIMUS,
LACTOPHRYSBICAUDALIS.189070201,LACTOPHRYSBICAUDALIS-189070201,LACTOPHRYS_BICAUDALIS,LACTOPHRYS_BICAUDALIS,
LACTOPHRYSPOLYGONIA.189070202,LACTOPHRYSPOLYGONIA-189070202,LACTOPHRYS_POLYGONIA,LACTOPHRYS_POLYGONIA,
LACTOPHRYSQUADRICORNIS.189070203,LACTOPHRYSQUADRICORNIS-189070203,LACTOPHRYS_QUADRICORNIS,LACTOPHRYS_QUADRICORNIS,
LACTOPHRYSTRIGONUS.189070205,LACTOPHRYSTRIGONUS-189070205,LACTOPHRYS_TRIGONUS,LACTOPHRYS_TRIGONUS,
LACTOPHRYSTRIQUETER.189070206,LACTOPHRYSTRIQUETER-189070206,LACTOPHRYS_TRIQUETER,LACTOPHRYS_TRIQUETER,
LIOPROPOMAABERRANS.170025601,LIOPROPOMAABERRANS-170025601,LIOPROPOMA_ABERRANS,LIOPROPOMA_ABERRANS,
LIOPROPOMAEUKRINES.170025602,LIOPROPOMAEUKRINES-170025602,LIOPROPOMA_EUKRINES,LIOPROPOMA_EUKRINES,SERRANIDAE
LOPHOLATILUSCHAMAELEONTICEPS.170070201,LOPHOLATILUSCHAMAELEONTICEPS-170070201,LOPHOLATILUS_CHAMAELEONTICEPS,LOPHOLATILUS_CHAMAELEONTICEPS,
LUTJANUSANALIS.170151101,LUTJANUSANALIS-170151101,LUTJANUS_ANALIS,LUTJANUS_ANALIS,
LUTJANUSAPODUS.170151102,LUTJANUSAPODUS-170151102,LUTJANUS_APODUS,LUTJANUS_APODUS,
LUTJANUSBUCCANELA.170151106,LUTJANUSBUCCANELA-170151106,LUTJANUS_BUCCANELA,LUTJANUS_BUCCANELA,SNAPPER_OTHER
LUTJANUSCAMPECHANUS.170151107,LUTJANUSCAMPECHANUS-170151107,LUTJANUS_CAMPECHANUS,LUTJANUS_CAMPECHANUS,
LUTJANUSCYANOPTERUS.170151108,LUTJANUSCYANOPTERUS-170151108,LUTJANUS_CYANOPTERUS,LUTJANUS_CYANOPTERUS,SNAPPER_OTHER
LUTJANUSGRISEUS.170151109,LUTJANUSGRISEUS-170151109,LUTJANUS_GRISEUS,LUTJANUS_GRISEUS,
LUTJANUSJOCU.170151111,LUTJANUSJOCU-170151111,LUTJANUS_JOCU,LUTJANUS_JOCU,
LUTJANUSMAHOGONI.170151115,LUTJANUSMAHOGONI-170151115,LUTJANUS_MAHOGONI,LUTJANUS_MAHOGONI,
LUTJANUSSYNAGRIS.170151113,LUTJANUSSYNAGRIS-170151113,LUTJANUS_SYNAGRIS,LUTJANUS_SYNAGRIS,
LUTJANUSVIVANUS.170151114,LUTJANUSVIVANUS-170151114,LUTJANUS_VIVANUS,LUTJANUS_VIVANUS,SNAPPER_OTHER
LYTHRYPNUSNESIOTES.170551301,LYTHRYPNUSNESIOTES-170551301,LYTHRYPNUS_NESIOTES,LYTHRYPNUS_NESIOTES,
LYTHRYPNUSPHORELLUS.170551302,LYTHRYPNUSPHORELLUS-170551302,LYTHRYPNUS_PHORELLUS,LYTHRYPNUS_PHORELLUS,
LYTHRYPNUSSPILUS.170551303,LYTHRYPNUSSPILUS-170551303,LYTHRYPNUS_SPILUS,LYTHRYPNUS_SPILUS,
MALACANTHUSPLUMIERI.170070301,MALACANTHUSPLUMIERI-170070301,MALACANTHUS_PLUMIERI,MALACANTHUS_PLUMIERI,
MELICHTHYSNIGER.189030301,MELICHTHYSNIGER-189030301,MELICHTHYS_NIGER,MELICHTHYS_NIGER,
MICROSPATHODONCHRYSURUS.170270201,MICROSPATHODONCHRYSURUS-170270201,MICROSPATHODON_CHRYSURUS,MICROSPATHODON_CHRYSURUS,
MULLOIDICHTHYSMARTINICUS.170220101,MULLOIDICHTHYSMARTINICUS-170220101,MULLOIDICHTHYS_MARTINICUS,MULLOIDICHTHYS_MARTINICUS,
MULLUSAURATUS.170220203,MULLUSAURATUS-170220203,MULLUS_AURATUS,MULLUS_AURATUS,
MURAENARETIFERA.143060402,MURAENARETIFERA-143060402,MURAENA_RETIFERA,MURAENA_RETIFERA,
MYCTEROPERCAACUTIROSTRIS.170022109,MYCTEROPERCAACUTIROSTRIS-170022109,MYCTEROPERCA_ACUTIROSTRIS,MYCTEROPERCA_ACUTIROSTRIS,
MYCTEROPERCABONACI.170022101,MYCTEROPERCABONACI-170022101,MYCTEROPERCA_BONACI,MYCTEROPERCA_BONACI,GROUPERS_OTHER
MYCTEROPERCAINTERSTITIALIS.170022103,MYCTEROPERCAINTERSTITIALIS-170022103,MYCTEROPERCA_INTERSTITIALIS,MYCTEROPERCA_INTERSTITIALIS,
MYCTEROPERCAMICROLEPIS.170022104,MYCTEROPERCAMICROLEPIS-170022104,MYCTEROPERCA_MICROLEPIS,MYCTEROPERCA_MICROLEPIS,
MYCTEROPERCAPHENAX.170022105,MYCTEROPERCAPHENAX-170022105,MYCTEROPERCA_PHENAX,MYCTEROPERCA_PHENAX,
MYCTEROPERCATIGRIS.170022106,MYCTEROPERCATIGRIS-170022106,MYCTEROPERCA_TIGRIS,MYCTEROPERCA_TIGRIS,
MYCTEROPERCAVENENOSA.170022107,MYCTEROPERCAVENENOSA-170022107,MYCTEROPERCA_VENENOSA,MYCTEROPERCA_VENENOSA,GROUPERS_OTHER
MYCTEROPERCAINTERSTITIALIS/PHENAX.999910100,MYCTEROPERCAINTERSTITIALIS/PHENAX-999910100,MYCTEROPERCA_INTERSTITIALIS/PHENAX,MYCTEROPERCA_INTERSTITIALIS/PHENAX,
MYRIPRISTISJACOBUS.161110501,MYRIPRISTISJACOBUS-161110501,MYRIPRISTIS_JACOBUS,MYRIPRISTIS_JACOBUS,BIGEYES_SQUIRREL
NEONIPHONMARIANUS,NEONIPHONMARIANUS,NEONIPHON_MARIANUS,NEONIPHON_MARIANUS,BIGEYES_SQUIRREL
OCYURUSCHRYSURUS.170151501,OCYURUSCHRYSURUS-170151501,OCYURUS_CHRYSURUS,OCYURUS_CHRYSURUS,
ODONTOSCIONDENTEX.170202201,ODONTOSCIONDENTEX-170202201,ODONTOSCION_DENTEX,ODONTOSCION_DENTEX,
OPHICHTHUSPUNCTICEPS.143150402,OPHICHTHUSPUNCTICEPS-143150402,OPHICHTHUS_PUNCTICEPS,OPHICHTHUS_PUNCTICEPS,
OPHIOBLENNIUSATLANTICUS.170362001,OPHIOBLENNIUSATLANTICUS-170362001,OPHIOBLENNIUS_ATLANTICUS,OPHIOBLENNIUS_ATLANTICUS,
OPISTOGNATHUSLONCHURUS.170310201,OPISTOGNATHUSLONCHURUS-170310201,OPISTOGNATHUS_LONCHURUS,OPISTOGNATHUS_LONCHURUS,
OPISTOGNATHUSMAXILLOSUS.170310202,OPISTOGNATHUSMAXILLOSUS-170310202,OPISTOGNATHUS_MAXILLOSUS,OPISTOGNATHUS_MAXILLOSUS,
ORTHOPRISTISCHRYSOPTERUS.170191702,ORTHOPRISTISCHRYSOPTERUS-170191702,ORTHOPRISTIS_CHRYSOPTERUS,ORTHOPRISTIS_CHRYSOPTERUS,
OSTICHTHYSTRACHYPOMUS.161110601,OSTICHTHYSTRACHYPOMUS-161110601,OSTICHTHYS_TRACHYPOMUS,OSTICHTHYS_TRACHYPOMA,BIGEYES_SQUIRREL
PAGRUSPAGRUS.170212302,PAGRUSPAGRUS-170212302,PAGRUS_PAGRUS,PAGRUS_PAGRUS,
PARABLENNIUSMARMOREUS.170360601,PARABLENNIUSMARMOREUS-170360601,PARABLENNIUS_MARMOREUS,PARABLENNIUS_MARMOREUS,
PARACONGERCAUDILIMBATUS.143131502,PARACONGERCAUDILIMBATUS-143131502,PARACONGER_CAUDILIMBATUS,PARACONGER_CAUDILIMBATUS,
PARANTHIASFURCIFER.170022701,PARANTHIASFURCIFER-170022701,PARANTHIAS_FURCIFER,PARANTHIAS_FURCIFER,
PLECTANTHIASGARRUPELLUS,PLECTANTHIASGARRUPELLUS,PLECTANTHIAS_GARRUPELLUS,PLECTANTHIAS_GARRUPELLUS,ANTHIIDAE
PLECTRYPOPSRETROSPINUS.161110801,PLECTRYPOPSRETROSPINUS-161110801,PLECTRYPOPS_RETROSPINUS,PLECTRYPOPS_RETROSPINUS,
POMACANTHUSARCUATUS.170290201,POMACANTHUSARCUATUS-170290201,POMACANTHUS_ARCUATUS,POMACANTHUS_ARCUATUS,POMACANTHIDAE
POMACANTHUSPARU.170290203,POMACANTHUSPARU-170290203,POMACANTHUS_PARU,POMACANTHUS_PARU,POMACANTHIDAE
POMACENTRUSFUSCUS.170270505,POMACENTRUSFUSCUS-170270505,POMACENTRUS_FUSCUS,POMACENTRUS_FUSCUS,
POMACENTRUSLEUCOSTEUS.170270501,POMACENTRUSLEUCOSTEUS-170270501,POMACENTRUS_LEUCOSTEUS,POMACENTRUS_LEUCOSTEUS,
POMACENTRUSPARTITUS.170270502,POMACENTRUSPARTITUS-170270502,POMACENTRUS_PARTITUS,POMACENTRUS_PARTITUS,POMACENTRIDAE
POMACENTRUSPICTUS.170270503,POMACENTRUSPICTUS-170270503,POMACENTRUS_PICTUS,POMACENTRUS_PICTUS,
POMACENTRUSPLANIFRONS.170270506,POMACENTRUSPLANIFRONS-170270506,POMACENTRUS_PLANIFRONS,POMACENTRUS_PLANIFRONS,
POMACENTRUSVARIABILIS.170270504,POMACENTRUSVARIABILIS-170270504,POMACENTRUS_VARIABILIS,POMACENTRUS_VARIABILIS,
POMATOMUSSALTATRIX.170080101,POMATOMUSSALTATRIX-170080101,POMATOMUS_SALTATRIX,POMATOMUS_SALTATRIX,
PRIACANTHUSARENATUS.170050101,PRIACANTHUSARENATUS-170050101,PRIACANTHUS_ARENATUS,PRIACANTHUS_ARENATUS,BIGEYES_SQUIRREL
PRIACANTHUSCRUENTATUS.170050102,PRIACANTHUSCRUENTATUS-170050102,PRIACANTHUS_CRUENTATUS,PRIACANTHUS_CRUENTATUS,BIGEYES_SQUIRREL
PRISTIGENYSALTA.170050401,PRISTIGENYSALTA-170050401,PRISTIGENYS_ALTA,PRISTIGENYS_ALTA,BIGEYES_SQUIRREL
PRISTIPOMOIDESAQUILONARIS.170151802,PRISTIPOMOIDESAQUILONARIS-170151802,PRISTIPOMOIDES_AQUILONARIS,PRISTIPOMOIDES_AQUILONARIS,
PSEUDUPENEUSMACULATUS.170220701,PSEUDUPENEUSMACULATUS-170220701,PSEUDUPENEUS_MACULATUS,PSEUDUPENEUS_MACULATUS,
PTERELEOTRIS,PTERELEOTRIS,PTERELEOTRIS,PTERELEOTRIS,
PTEROIS.168011900,PTEROIS-168011900,PTEROIS,PTEROIS,
PTEROISMILES.168011902,PTEROISMILES-168011902,PTEROIS_MILES,PTEROIS_MILES,
PTEROISVOLITANS.168011901,PTEROISVOLITANS-168011901,PTEROIS_VOLITANS,PTEROIS_VOLITANS,
RACHYCENTRONCANADUM.170100101,RACHYCENTRONCANADUM-170100101,RACHYCENTRON_CANADUM,RACHYCENTRON_CANADUM,
RHOMBOPLITESAURORUBENS.170152001,RHOMBOPLITESAURORUBENS-170152001,RHOMBOPLITES_AURORUBENS,RHOMBOPLITES_AURORUBENS,
RYPTICUSSUBBIFRENATUS.170030109,RYPTICUSSUBBIFRENATUS-170030109,RYPTICUS_SUBBIFRENATUS,RYPTICUS_SUBBIFRENATUS,
SCARUSCOELESTINUS.170301101,SCARUSCOELESTINUS-170301101,SCARUS_COELESTINUS,SCARUS_COELESTINUS,
SCARUSCOERULEUS.170301104,SCARUSCOERULEUS-170301104,SCARUS_COERULEUS,SCARUS_COERULEUS,
SCARUSGUACAMAIA.170301105,SCARUSGUACAMAIA-170301105,SCARUS_GUACAMAIA,SCARUS_GUACAMAIA,
SCARUSTAENIOPTERUS.170301106,SCARUSTAENIOPTERUS-170301106,SCARUS_TAENIOPTERUS,SCARUS_TAENIOPTERUS,
SCARUSVETULA.170301107,SCARUSVETULA-170301107,SCARUS_VETULA,SCARUS_VETULA,
SCARUSCROICENSIS.170301103,SCARUSCROICENSIS-170301103,SCARUS_CROICENSIS,SCARUS_CROICENSIS,
SCOMBEROMORUSCAVALLA.170440801,SCOMBEROMORUSCAVALLA-170440801,SCOMBEROMORUS_CAVALLA,SCOMBEROMORUS_CAVALLA,
SCOMBEROMORUSMACULATUS.170440803,SCOMBEROMORUSMACULATUS-170440803,SCOMBEROMORUS_MACULATUS,SCOMBEROMORUS_MACULATUS,
SCOMBEROMORUSREGALIS.170440804,SCOMBEROMORUSREGALIS-170440804,SCOMBEROMORUS_REGALIS,SCOMBEROMORUS_REGALIS,
SCORPAENAPLUMIERI.168010712,SCORPAENAPLUMIERI-168010712,SCORPAENA_PLUMIERI,SCORPAENA_PLUMIERI,
SELENEVOMER.170113003,SELENEVOMER-170113003,SELENE_VOMER,SELENE_VOMER,SPADES_CHUBS_LOOKDOWNS
SERIOLADUMERILI.170113101,SERIOLADUMERILI-170113101,SERIOLA_DUMERILI,SERIOLA_DUMERILI,
SERIOLAFASCIATA.170113103,SERIOLAFASCIATA-170113103,SERIOLA_FASCIATA,SERIOLA_FASCIATA,
SERIOLARIVOLIANA.170113105,SERIOLARIVOLIANA-170113105,SERIOLA_RIVOLIANA,SERIOLA_RIVOLIANA,
SERIOLAZONATA.170113106,SERIOLAZONATA-170113106,SERIOLA_ZONATA,SERIOLA_ZONATA,CARANGIDAE_OTHER
SERRANUSANNULARIS.170024201,SERRANUSANNULARIS-170024201,SERRANUS_ANNULARIS,SERRANUS_ANNULARIS,SERRANIDAE
SERRANUSATROBRANCHUS.170024202,SERRANUSATROBRANCHUS-170024202,SERRANUS_ATROBRANCHUS,SERRANUS_ATROBRANCHUS,SERRANIDAE
SERRANUSCHIONARAIA.170024205,SERRANUSCHIONARAIA-170024205,SERRANUS_CHIONARAIA,SERRANUS_CHIONARAIA,SERRANIDAE
SERRANUSNOTOSPILUS.170024207,SERRANUSNOTOSPILUS-170024207,SERRANUS_NOTOSPILUS,SERRANUS_NOTOSPILUS,SERRANIDAE
SERRANUSSUBLIGARIUS.170024209,SERRANUSSUBLIGARIUS-170024209,SERRANUS_SUBLIGARIUS,SERRANUS_SUBLIGARIUS,SERRANIDAE
SERRANUSTABACARIUS.170024210,SERRANUSTABACARIUS-170024210,SERRANUS_TABACARIUS,SERRANUS_TABACARIUS,
SERRANUSTIGRINUS.170024214,SERRANUSTIGRINUS-170024214,SERRANUS_TIGRINUS,SERRANUS_TIGRINUS,
SERRANUSPHOEBE.170024208,SERRANUSPHOEBE-170024208,SERRANUS_PHOEBE,SERRANUS_PHOEBE,SERRANIDAE
SPARISOMACHRYSOPTERUM.170301202,SPARISOMACHRYSOPTERUM-170301202,SPARISOMA_CHRYSOPTERUM,SPARISOMA_CHRYSOPTERUM,
SPARISOMARUBRIPINNE.170301204,SPARISOMARUBRIPINNE-170301204,SPARISOMA_RUBRIPINNE,SPARISOMA_RUBRIPINNE,
SPARISOMAVIRIDE.170301206,SPARISOMAVIRIDE-170301206,SPARISOMA_VIRIDE,SPARISOMA_VIRIDE,
SPARISOMAATROMARIUM.170301205,SPARISOMAATROMARIUM-170301205,SPARISOMA_ATROMARIUM,SPARISOMA_ATOMARIUM,LABRIDAE
SPARISOMAAUROFRENATUM.170301201,SPARISOMAAUROFRENATUM-170301201,SPARISOMA_AUROFRENATUM,SPARISOMA_AUROFRENATUM,
SPARISOMARADIANS.170301203,SPARISOMARADIANS-170301203,SPARISOMA_RADIANS,SPARISOMA_RADIANS,
SPHYRAENABARRACUDA.165030101,SPHYRAENABARRACUDA-165030101,SPHYRAENA_BARRACUDA,SPHYRAENA_BARRACUDA,
STENOCIONOPSSPINIMANA.229211803,STENOCIONOPSSPINIMANA-229211803,STENOCIONOPS_SPINIMANA,STENOCIONOPS_SPINIMANA,
SYNODUSSYNODUS.129040306,SYNODUSSYNODUS-129040306,SYNODUS_SYNODUS,SYNODUS_SYNODUS,
THALASSOMABIFASCIATUM.170282801,THALASSOMABIFASCIATUM-170282801,THALASSOMA_BIFASCIATUM,THALASSOMA_BIFASCIATUM,
TRACHINOCEPHALUSMYOPS.129040101,TRACHINOCEPHALUSMYOPS-129040101,TRACHINOCEPHALUS_MYOPS,TRACHINOCEPHALUS_MYOPS,
TRACHINOTUSCAROLINUS.170113601,TRACHINOTUSCAROLINUS-170113601,TRACHINOTUS_CAROLINUS,TRACHINOTUS_CAROLINUS,
TRACHINOTUSFALCATUS.170113603,TRACHINOTUSFALCATUS-170113603,TRACHINOTUS_FALCATUS,TRACHINOTUS_FALCATUS,
UPENEUSPARVUS.170220605,UPENEUSPARVUS-170220605,UPENEUS_PARVUS,UPENEUS_PARVUS,
URASPISSECUNDA.170114202,URASPISSECUNDA-170114202,URASPIS_SECUNDA,URASPIS_SECUNDA,CARANGIDAE_OTHER
UROPHYCISREGIA.148010105,UROPHYCISREGIA-148010105,UROPHYCIS_REGIA,UROPHYCIS_REGIA,
XANTHICHTHYSRINGENS.189030101,XANTHICHTHYSRINGENS-189030101,XANTHICHTHYS_RINGENS,XANTHICHTHYS_RINGENS,
ACANTHOSTRACIONQUADRICORNIS.189070101,ACANTHOSTRACIONQUADRICORNIS-189070101,ACANTHOSTRACION_QUADRICORNIS,ACANTHOSTRACION_QUADRICORNIS,
ACANTHURUS.170160100,ACANTHURUS-170160100,ACANTHURUS,ACANTHURUS,ACANTHURUS
ALUTERUSMONOCEROS.189040402,ALUTERUSMONOCEROS-189040402,ALUTERUS_MONOCEROS,ALUTERUS_MONOCEROS,
ALUTERUSSCHOEPFI.189040403,ALUTERUSSCHOEPFI-189040403,ALUTERUS_SCHOEPFI,ALUTERUS_SCHOEPFI,
ALUTERUSSCRIPTUS.189040404,ALUTERUSSCRIPTUS-189040404,ALUTERUS_SCRIPTUS,ALUTERUS_SCRIPTUS,
ALUTERUS.189040400,ALUTERUS-189040400,ALUTERUS,ALUTERUS,
AMPHINOMIDAE.649110000,AMPHINOMIDAE-649110000,AMPHINOMIDAE,AMPHINOMIDAE,
ANOMURA.999100401,ANOMURA-999100401,ANOMURA,ANOMURA,
ANTENNARIUS.195020100,ANTENNARIUS-195020100,ANTENNARIUS,ANTENNARIUS,
ANTHIAS.170026000,ANTHIAS-170026000,ANTHIAS,ANTHIAS,
ANTHIINAE.999020300,ANTHIINAE-999020300,ANTHIINAE,ANTHIINAE,ANTHIIDAE
APOGON.170060200,APOGON-170060200,APOGON,APOGON,
ASTEROIDEA.691000000,ASTEROIDEA-691000000,ASTEROIDEA,ASTEROIDEA,
BALISTES.189030500,BALISTES-189030500,BALISTES,BALISTES,
BALISTIDAE.189030000,BALISTIDAE-189030000,BALISTIDAE,BALISTIDAE,
BLENNIIDAE.170360000,BLENNIIDAE-170360000,BLENNIIDAE,BLENNIIDAE,
BRACHYURA.999100402,BRACHYURA-999100402,BRACHYURA,BRACHYURA,
CALAMUS.170210600,CALAMUS-170210600,CALAMUS,CALAMUS,SPARIDAE
CANTHERHINES.189040100,CANTHERHINES-189040100,CANTHERHINES,CANTHERHINES,
,CANTHIGASTERROSTRATA-189080101,CANTHIGASTER_ROSTRATA,,
CARANGIDAE.170110000,CARANGIDAE-170110000,CARANGIDAE,CARANGIDAE,
CARANX.170110800,CARANX-170110800,CARANX,CARANX_SPP,CARANGIDAE_OTHER
CARCHARHINIDAE.108020000,CARCHARHINIDAE-108020000,CARCHARHINIDAE,CARCHARHINIDAE,
CARCHARHINIFORMES.108000000,CARCHARHINIFORMES-108000000,CARCHARHINIFORMES,CARCHARHINIFORMES,
CARCHARHINUSBREVIPINNA.108020207,CARCHARHINUSBREVIPINNA-108020207,CARCHARHINUS_BREVIPINNA,CARCHARHINUS_BREVIPINNA,
CARCHARHINUSFALCIFORMIS.108020202,CARCHARHINUSFALCIFORMIS-108020202,CARCHARHINUS_FALCIFORMIS,CARCHARHINUS_FALCIFORMIS,
CARCHARHINUSLEUCAS.108020204,CARCHARHINUSLEUCAS-108020204,CARCHARHINUS_LEUCAS,CARCHARHINUS_LEUCAS,
CARCHARHINUSLIMBATUS.108020205,CARCHARHINUSLIMBATUS-108020205,CARCHARHINUS_LIMBATUS,CARCHARHINUS_LIMBATUS,
CARCHARHINUSPEREZI.108020211,CARCHARHINUSPEREZI-108020211,CARCHARHINUS_PEREZI,CARCHARHINUS_PEREZI,
CARCHARHINUSPLUMBEUS.108020208,CARCHARHINUSPLUMBEUS-108020208,CARCHARHINUS_PLUMBEUS,CARCHARHINUS_PLUMBEUS,
CARCHARHINUS.108020200,CARCHARHINUS-108020200,CARCHARHINUS,CARCHARHINUS,
,CENTROPRISTISOCYURUS-170024804,CENTROPRISTIS_OCYURUS,,
CHAETODON.170260300,CHAETODON-170260300,CHAETODON,CHAETODON,
CHROMIS.170270300,CHROMIS-170270300,CHROMIS,CHROMIS_SP,POMACENTRIDAE
CORYPHOPTERUS.170551000,CORYPHOPTERUS-170551000,CORYPHOPTERUS,CORYPHOPTERUS,
DASYATIS.110050200,DASYATIS-110050200,DASYATIS,DASYATIS,
DASYATISAMERICANUS.110050201,DASYATISAMERICANUS-110050201,DASYATIS_AMERICANUS,DASYATIS_AMERICANUS,
DECAPODA.227000000,DECAPODA-227000000,DECAPODA,DECAPODA,
DECAPTERUS.170111200,DECAPTERUS-170111200,DECAPTERUS,DECAPTERUS_SP,CARANGIDAE_OTHER
DIODON.189090300,DIODON-189090300,DIODON,DIODON,
DIPLECTRUM.170020900,DIPLECTRUM-170020900,DIPLECTRUM,DIPLECTRUM_SP,SERRANIDAE
ECHENEIS.170090100,ECHENEIS-170090100,ECHENEIS,ECHENEIS,
ECHIOPHIS.143150300,ECHIOPHIS-143150300,ECHIOPHIS,ECHIOPHIS,
EMBLEMARIA.170370400,EMBLEMARIA-170370400,EMBLEMARIA,EMBLEMARIA,
EPINEPHELUS.170021200,EPINEPHELUS-170021200,EPINEPHELUS,EPINEPHELUS,
EQUETUS.170201100,EQUETUS-170201100,EQUETUS,EQUETUS,
FISTULARIA.151020100,FISTULARIA-151020100,FISTULARIA,FISTULARIA,
GALATHEOIDEA.999100406,GALATHEOIDEA-999100406,GALATHEOIDEA,GALATHEOIDEA,
GINGLYMOSTOMACIRRATUM.113010101,GINGLYMOSTOMACIRRATUM-113010101,GINGLYMOSTOMA_CIRRATUM,GINGLYMOSTOMA_CIRRATUM,
GOBIIDAE.170550000,GOBIIDAE-170550000,GOBIIDAE,GOBIIDAE,
HAEMULON.170191000,HAEMULON-170191000,HAEMULON,HAEMULON,
HALICHOERES.170281200,HALICHOERES-170281200,HALICHOERES,HALICHOERES_SPP,HALICHORES
HEMANTHIAS.170025000,HEMANTHIAS-170025000,HEMANTHIAS,HEMANTHIAS_SP,ANTHIIDAE
HOLACANTHUS.170290100,HOLACANTHUS-170290100,HOLACANTHUS,S_BETA,ANTHIIDAE
HOLOCENTRUS.161110200,HOLOCENTRUS-161110200,HOLOCENTRUS,HOLOCENTRUS,BIGEYES_SQUIRREL
HYPOPLECTRUSGEMMA.170021503,HYPOPLECTRUSGEMMA-170021503,HYPOPLECTRUS_GEMMA,HYPOPLECTRUS_GEMMA,
HYPOPLECTRUSNIGRICANS.170021506,HYPOPLECTRUSNIGRICANS-170021506,HYPOPLECTRUS_NIGRICANS,HYPOPLECTRUS_NIGRICANS,
HYPOPLECTRUS.170021500,HYPOPLECTRUS-170021500,HYPOPLECTRUS,HYPOPLECTRUS,
,HYPORTHODUSFLAVOLIMBATUS-170021206,HYPORTHODUS_FLAVOLIMBATUS,,
IOGLOSSUSCALLIURUS.170550801,IOGLOSSUSCALLIURUS-170550801,IOGLOSSUS_CALLIURUS,IOGLOSSUS_CALLIURUS,
IOGLOSSUS.170550800,IOGLOSSUS-170550800,IOGLOSSUS,IOGLOSSUS,
KYPHOSUS.170240300,KYPHOSUS-170240300,KYPHOSUS,KYPHOSUS,
LABRIDAE.170280000,LABRIDAE-170280000,LABRIDAE,LABRIDAE1,LABRIDAE
LABROIDEI.999010400,LABROIDEI-999010400,LABROIDEI,LABROIDEI,
LACTOPHRYS.189070200,LACTOPHRYS-189070200,LACTOPHRYS,LACTOPHRYS,
LIBINIA.229080100,LIBINIA-229080100,LIBINIA,LIBINIA,
LIOPROPOMAMOWBRAYI.170025603,LIOPROPOMAMOWBRAYI-170025603,LIOPROPOMA_MOWBRAYI,LIOPROPOMA_MOWBRAYI,
LUTJANUS.170151100,LUTJANUS-170151100,LUTJANUS,LUTJANUS_SP,SNAPPER_OTHER
MONACANTHIDAE.189040000,MONACANTHIDAE-189040000,MONACANTHIDAE,MONACANTHIDAE,
,MONACANTHUSTUCKERI-189040203,MONACANTHUS_TUCKERI,,
MULLIDAE.170220000,MULLIDAE-170220000,MULLIDAE,MULLIDAE,
MUSTELUS.108031100,MUSTELUS-108031100,MUSTELUS,MUSTELUS,
MYCTEROPERCA.170022100,MYCTEROPERCA-170022100,MYCTEROPERCA,MYCTEROPERCA_SP,GROUPERS_OTHER
MYLIOBATIFORMES.999002001,MYLIOBATIFORMES-999002001,MYLIOBATIFORMES,MYLIOBATIFORMES,
OPHICHTHUSREX.143150407,OPHICHTHUSREX-143150407,OPHICHTHUS_REX,OPHICHTHUS_REX,
OPISTOGNATHUSAURIFRONS.170310203,OPISTOGNATHUSAURIFRONS-170310203,OPISTOGNATHUS_AURIFRONS,OPISTOGNATHUS_AURIFRONS,
OPISTOGNATHUS.170310200,OPISTOGNATHUS-170310200,OPISTOGNATHUS,OPISTOGNATHUS,
,PAREQUESUMBROSUS-170201105,PAREQUES_UMBROSUS,,
POMACANTHUS.170290200,POMACANTHUS-170290200,POMACANTHUS,POMACANTHUS,
POMACENTRIDAE.170270000,POMACENTRIDAE-170270000,POMACENTRIDAE,POMACENTRIDAE1,POMACENTRIDAE
POMACENTRUS.170270500,POMACENTRUS-170270500,POMACENTRUS,POMACENTRUS,
PORTUNUS.229110800,PORTUNUS-229110800,PORTUNUS,PORTUNUS,
PRIACANTHUS.170050100,PRIACANTHUS-170050100,PRIACANTHUS,PRIACANTHUS,
,PRISTIPOMOIDES-170151800,PRISTIPOMOIDES,,
,PROGNATHODESAYA-170260301,PROGNATHODES_AYA,,
,PRONOTOGRAMMUSMARTINICENSIS-170025101,PRONOTOGRAMMUS_MARTINICENSIS,,
SCAD.999910200,SCAD-999910200,SCAD,SCAD,
SCARIDAE.170300000,SCARIDAE-170300000,SCARIDAE,SCARIDAE,
SCARUS.170301100,SCARUS-170301100,SCARUS,SCARUS,
SCOMBEROMORUS.170440800,SCOMBEROMORUS-170440800,SCOMBEROMORUS,SCOMBEROMORUS,
SCOMBRIDAE.170440000,SCOMBRIDAE-170440000,SCOMBRIDAE,SCOMBRIDAE_SP,CARANGIDAE_OTHER
SERIOLA.170113100,SERIOLA-170113100,SERIOLA,SERIOLA_SPP,CARANGIDAE_OTHER
SERRANIDAE.170020000,SERRANIDAE-170020000,SERRANIDAE,SERRANIDAE1,SERRANIDAE
SERRANUSTORTUGARUM.170024211,SERRANUSTORTUGARUM-170024211,SERRANUS_TORTUGARUM,SERRANUS_TORTUGARUM,SERRANIDAE
SERRANUS.170024200,SERRANUS-170024200,SERRANUS,SERRANUS_SP,SERRANIDAE
SPARIDAE.170210000,SPARIDAE-170210000,SPARIDAE,SPARIDAE,
SPARISOMA.170301200,SPARISOMA-170301200,SPARISOMA,SPARISOMA,
SPHOEROIDESSPENGLERI.189080610,SPHOEROIDESSPENGLERI-189080610,SPHOEROIDES_SPENGLERI,SPHOEROIDES_SPENGLERI,
SPHOEROIDES.189080600,SPHOEROIDES-189080600,SPHOEROIDES,SPHOEROIDES,
SPHYRNALEWINI.108040102,SPHYRNALEWINI-108040102,SPHYRNA_LEWINI,SPHYRNA_LEWINI,
SPHYRNAMOKARRAN.108040103,SPHYRNAMOKARRAN-108040103,SPHYRNA_MOKARRAN,SPHYRNA_MOKARRAN,
SPHYRNATIBURO.108040104,SPHYRNATIBURO-108040104,SPHYRNA_TIBURO,SPHYRNA_TIBURO,
STENOTOMUSCAPRINUS.170213403,STENOTOMUSCAPRINUS-170213403,STENOTOMUS_CAPRINUS,STENOTOMUS_CAPRINUS,SPARIDAE
STEPHANOLEPISHISPIDA.189040305,STEPHANOLEPISHISPIDA-189040305,STEPHANOLEPIS_HISPIDA,STEPHANOLEPIS_HISPIDA,
STEPHANOLEPISINSIGNIS.189040302,STEPHANOLEPISINSIGNIS-189040302,STEPHANOLEPIS_INSIGNIS,STEPHANOLEPIS_INSIGNIS,
STEPHANOLEPISSETIFER.189040303,STEPHANOLEPISSETIFER-189040303,STEPHANOLEPIS_SETIFER,STEPHANOLEPIS_SETIFER,
STEPHANOLEPISVAIRUS.189040304,STEPHANOLEPISVAIRUS-189040304,STEPHANOLEPIS_VAIRUS,STEPHANOLEPIS_VAIRUS,
SYACIUM.183011000,SYACIUM-183011000,SYACIUM,SYACIUM,
SYNODONTIDAE.129040000,SYNODONTIDAE-129040000,SYNODONTIDAE,SYNODONTIDAE,
SYNODUS.129040300,SYNODUS-129040300,SYNODUS,SYNODUS,
DIODONTIDAE.189090000,DIODONTIDAE-189090000,DIODONTIDAE,DIODONTIDAE,
CORYPHAENAHIPPURUS.170130202,CORYPHAENAHIPPURUS-170130202,CORYPHAENA_HIPPURUS,CORYPHAENA_HIPPURUS,
MAKAIRANIGRICANS.170470201,MAKAIRANIGRICANS-170470201,MAKAIRA_NIGRICANS,MAKAIRA_NIGRICANS,
ISTIOPHORUSALBICANS.170470104,ISTIOPHORUSALBICANS-170470104,ISTIOPHORUS_ALBICANS,ISTIOPHORUS_ALBICANS,
TETRAPTURUSALBIDUS.170470301,TETRAPTURUSALBIDUS-170470301,TETRAPTURUS_ALBIDUS,TETRAPTURUS_ALBIDUS,
ACANTHOCYBIUMSOLANDRI.170440901,ACANTHOCYBIUMSOLANDRI-170440901,ACANTHOCYBIUM_SOLANDRI,ACANTHOCYBIUM_SOLANDRI,
THUNNUSALBACARES.170440402,THUNNUSALBACARES-170440402,THUNNUS_ALBACARES,THUNNUS_ALBACARES,
THUNNUSTHYNNUS.170440405,THUNNUSTHYNNUS-170440405,THUNNUS_THYNNUS,THUNNUS_THYNNUS,
THUNNUSATLANTICUS.170440403,THUNNUSATLANTICUS-170440403,THUNNUS_ATLANTICUS,THUNNUS_ATLANTICUS,
SARDASARDA.170440701,SARDASARDA-170440701,SARDA_SARDA,SARDA_SARDA,
RYPTICUSMACULATUS.170030106,RYPTICUSMACULATUS-170030106,RYPTICUS_MACULATUS,RYPTICUS_MACULATUS,
KATSUWONUSPELAMIS.170440301,KATSUWONUSPELAMIS-170440301,KATSUWONUS_PELAMIS,KATSUWONUS_PELAMIS,
UNKNOWNFISH,UNKNOWNFISH,CHORDATA,UNKNOWNFISH,
,SCHOOL,CHORDATA,,
,HYPORTHODUSNIGRITUS-170021202,HYPORTHODUS_NIGRITUS,,